{
  "p95_max_link_rho": 0.9657182173116796,
  "mean_max_link_rho": 0.4971803868696173,
  "p95_max_link_queue_ms": 27.58125505245234,
  "total_node_sleeps": 563,
  "total_node_wakes": 563,
  "node_flaps_short": 66,
  "slo_breach_ticks": 569,
  "avg_sleep_nodes": 20.416666666666668,
  "avg_alive_capacity_fraction": 0.7777461431001034
}