{
  "p95_max_link_rho": 0.964615862520851,
  "mean_max_link_rho": 0.5003853619661284,
  "p95_max_link_queue_ms": 27.58125505245234,
  "total_node_sleeps": 285,
  "total_node_wakes": 285,
  "node_flaps_short": 194,
  "slo_breach_ticks": 569,
  "avg_sleep_nodes": 4.159722222222222,
  "avg_alive_capacity_fraction": 0.9342009249136178
}